Domain,Area,Radius,Districts,Entropy,Gini,MoranI,DistCV,Pct10km,01_PCA_80_diana,02_PCA_90_diana,03_Full_diana,04_PCA_95_diana,05_Minimal_hdbscan,06_PCA_80_hc_complete,07_Full_hc_complete,08_PCA_95_hc_complete,09_PCA_90_hc_complete,10_Minimal_diana,11_Minimal_kmeans,12_Minimal_hc_ward,13_Minimal_hc_complete,14_PCA_80_hc_ward,15_PCA_80_kmeans,16_PCA_90_kmeans,17_PCA_90_hc_ward,18_PCA_95_kmeans,19_Full_kmeans,20_PCA_80_hdbscan,21_PCA_95_hc_ward,22_Full_hc_ward,23_PCA_95_hdbscan,24_Full_hdbscan,25_PCA_90_hdbscan
abergavennychronicle.com,1318.11198,30.99652499,25,2.858027066,0.4384615385,0.03620547536,1.61581133,0.1923076923,1,1,1,1,2,1,1,1,1,1,3,1,1,1,6,3,1,2,3,0,1,1,0,0,0
advertiserandtimes.co.uk,1465.374843,25.21910771,237,3.427653875,0.5582538737,0.04828126674,1.920066378,0.3090981327,1,1,1,1,2,1,1,1,1,1,2,1,1,2,4,3,2,2,3,3,1,1,3,4,4
alittlebitofstone.com,304.2056936,13.44040288,109,2.978090251,0.5202879581,0.00218326427,2.293745926,0.4371727749,1,1,1,1,2,1,1,1,1,1,2,2,2,3,4,2,1,1,2,3,2,2,3,4,4
alloaadvertiser.com,1786.770197,37.21643079,62,2.955801804,0.5272645336,0.02062941372,2.177124268,0.6151419558,1,1,1,1,2,1,1,1,1,1,2,2,1,3,4,2,1,1,2,3,2,2,0,0,4
altrincham.todaynews.co.uk,153.6206652,9.46469433,119,2.677289631,0.6075657895,0.00209374304,2.817779314,0.7513157895,1,1,1,1,2,1,1,1,1,1,2,2,2,3,1,2,1,1,2,3,2,2,3,4,4
anguscountyworld.co.uk,823.7791019,23.45989943,42,2.640046222,0.6719387755,0.05293471335,2.176350891,0.3306122449,1,1,1,1,2,1,1,1,1,1,2,1,1,2,4,2,1,1,2,0,1,1,0,0,0
antrimguardian.co.uk,1907.26573,32.82874064,143,3.960251954,0.5029279279,0.00969599739,2.309580002,0.3117117117,1,1,1,1,2,1,1,1,1,1,2,2,2,3,4,2,1,1,2,3,1,1,3,4,4
ardrossanherald.com,2053.18784,30.82636091,221,3.94897261,0.540239726,0.1119803966,1.981794923,0.37043379,1,1,1,1,2,1,1,1,1,2,3,1,1,2,3,3,2,2,3,0,1,1,0,0,0
armaghi.com,1810.870978,28.96826904,364,4.089797161,0.5728803717,0.00002067175658,1.631677022,0.2349980643,1,1,1,1,2,1,1,1,1,1,6,2,1,2,4,3,2,2,3,3,1,1,0,0,0
ayradvertiser.com,4132.294716,50.98672458,256,3.857245474,0.6123285629,0.06912347877,1.750771485,0.3148479428,1,1,1,1,2,1,1,1,1,1,3,1,1,2,3,3,2,2,3,3,1,1,3,4,4
banburyguardian.co.uk,2010.662915,30.32439451,239,3.46205672,0.638681592,0.01982615859,1.907799756,0.4621890547,1,1,1,1,2,1,1,1,1,1,2,2,1,2,4,2,1,1,2,3,1,1,3,4,4
barkinganddagenhampost.co.uk,371.1889936,12.27839223,257,4.023663532,0.6120893084,0.01090777449,2.474476241,0.6512071156,1,1,1,1,2,1,1,1,1,1,2,2,2,3,4,2,1,1,2,3,2,2,3,4,4
barnetpost.co.uk,278.2651561,14.93519943,101,3.49731213,0.4768129474,0.005578298569,2.696477553,0.7363834423,1,1,1,1,2,1,1,1,1,1,2,2,2,3,4,2,1,1,2,3,2,2,3,4,4
barnsleychronicle.com,164.865375,10.00770517,168,2.958970576,0.5477505919,0.0196560156,2.8770181,0.670718232,1,1,1,1,2,1,1,1,1,1,2,2,2,3,1,2,1,1,2,3,2,2,3,4,4
barrheadnews.com,191.9294375,12.30686463,167,3.51729013,0.4081905782,0.02230048482,2.578570772,0.6652391149,1,1,1,1,2,1,1,1,1,1,2,2,2,3,4,2,1,1,2,3,2,2,3,4,4
basingstokegazette.co.uk,3138.55975,36.15405049,406,3.848732218,0.6003187074,0.02200845182,2.255206991,0.500148236,1,1,1,1,2,1,1,1,1,1,2,2,1,3,4,2,1,1,2,3,1,1,3,4,4
becclesandbungayjournal.co.uk,1622.213914,32.90136954,31,3.003987385,0.5415384615,-0.007720178938,0.9797498539,0.3538461538,1,1,1,1,2,1,1,1,1,1,6,3,3,1,6,2,1,1,2,0,1,1,0,1,0
bedfordindependent.co.uk,151.6015949,9.298757266,220,2.9379783,0.579965358,0.009787961252,2.138843139,0.6193225558,1,1,1,1,2,1,1,1,1,1,2,2,2,3,4,2,1,1,2,3,2,2,3,4,4
bedfordtoday.co.uk,1895.451238,30.39181958,173,3.553935155,0.5023125609,0.03037761047,1.985680977,0.4576436222,1,1,1,1,2,1,1,1,1,1,2,2,1,3,4,2,1,1,2,3,1,1,3,4,4
belfastmedia.com,1058.331605,22.8733585,406,4.538043472,0.4257577924,0.001672002102,2.675656402,0.6925936517,1,1,1,1,2,1,1,1,1,1,2,2,2,3,4,2,1,1,2,0,2,2,0,0,0
belfasttelegraph.co.uk,11464.55694,73.66108753,1172,4.875367783,0.4393432038,0.0004298909423,1.796330648,0.4221274551,1,1,1,1,0,1,1,1,1,2,5,4,4,4,5,3,2,2,3,0,3,3,0,0,0
biggleswadetoday.co.uk,805.8308621,20.67357463,58,3.270449596,0.5714285714,0.02032999609,1.211708717,0.3802816901,1,1,1,1,2,1,1,1,1,1,6,1,1,2,4,2,1,1,2,3,1,1,3,0,4
birminghammail.co.uk,10885.50564,62.85259019,1881,5.507052224,0.3824247259,0.03264830923,1.634029483,0.4374585321,1,1,1,1,0,1,1,1,1,2,5,4,4,4,5,3,2,2,3,0,3,3,0,0,0
blackpoolgazette.co.uk,51396.25752,143.4053162,1081,5.023773335,0.4069669366,0.06547159816,1.319983594,0.3394062078,2,2,2,2,0,1,1,1,1,3,1,5,5,5,2,1,3,3,1,0,3,3,0,0,0
bordercountiesadvertizer.co.uk,6401.620158,50.46406843,384,4.106802982,0.6147805508,0.0490846608,1.456723244,0.2852839931,1,1,1,1,2,1,1,1,1,1,3,1,1,2,3,3,2,2,3,3,1,1,3,4,4
bordertelegraph.com,3103.319485,38.15807742,243,3.488051235,0.6829959514,0.05884364007,2.035819377,0.4076923077,1,1,1,1,2,1,1,1,1,1,3,1,1,2,4,2,1,1,2,0,1,1,0,0,0
bournemouthecho.co.uk,4897.026289,45.5581567,1190,4.655885291,0.4263651697,0.06830528904,1.862177768,0.4199346405,1,1,1,1,2,1,1,1,1,2,5,4,4,4,5,3,2,2,3,0,3,3,0,0,0
bracknellnews.co.uk,562.9303594,16.470615,247,3.59676127,0.6233075435,0.02252797954,2.764615079,0.5652804642,1,1,1,1,2,1,1,1,1,1,2,2,2,3,4,2,1,1,2,3,2,2,3,4,4
braintreeandwithamtimes.co.uk,3152.775559,35.90332891,311,4.397583993,0.4867452135,0.0738082143,1.911405269,0.3357879234,1,1,1,1,2,1,1,1,1,1,3,1,1,4,3,3,2,2,3,3,1,1,0,0,0
brecon-radnor.co.uk,2698.908748,43.50876095,32,2.745809963,0.7142857143,-0.01505294437,1.173911133,0.275,1,1,1,1,2,1,1,1,1,1,6,3,3,1,6,2,1,1,2,0,1,1,0,0,0
brightonandhovenews.org,1860.395108,36.86226326,416,3.271195518,0.6240118577,0.02109502162,1.370695149,0.005270092227,1,1,1,1,2,1,1,1,1,1,2,4,1,2,3,3,2,2,3,0,1,1,0,0,0
bristolpost.co.uk,1913.770692,29.01705767,1398,4.49973446,0.5030734633,0.02859271535,2.064947908,0.5737631184,1,1,1,1,0,1,1,1,1,2,5,4,4,4,5,3,2,2,3,0,3,3,0,0,0
brixtonblog.com,29.91954265,3.757109889,136,3.044181202,0.815625,0.00265213362,4.857822592,0.9166666667,1,1,1,1,0,2,2,2,2,1,4,6,2,6,1,2,1,1,2,0,2,2,0,0,2
bromsgroveadvertiser.co.uk,925.2720034,19.92956043,275,3.891810418,0.3701111111,0.03314769237,2.290714641,0.4075555556,1,1,1,1,2,1,1,1,1,1,2,2,2,4,4,3,2,2,3,3,1,1,3,4,4
broughtonspurtle.org.uk,7.467986934,2.328736965,68,2.361424014,0.7862291351,0.01594705308,4.916302731,0.9013657056,1,1,1,1,0,2,2,2,2,1,4,6,2,6,1,2,1,1,2,1,2,2,0,0,2
buckinghamshirelive.com,2619.755539,31.68932722,522,4.214533176,0.3458672087,0.02189201022,1.47829082,0.2753387534,1,1,1,1,2,1,1,1,1,1,2,4,1,4,5,3,2,2,3,0,1,1,0,0,0
bucksfreepress.co.uk,2214.926958,30.02803359,418,4.213081133,0.4151871401,0.03549214378,1.986610095,0.3982725528,1,1,1,1,2,1,1,1,1,1,2,2,1,4,4,3,2,2,3,3,1,1,3,4,4
bucksherald.co.uk,1603.423059,25.22422218,308,3.914266211,0.4790502793,0.02599602711,2.049872083,0.4138068635,1,1,1,1,2,1,1,1,1,1,2,2,1,3,4,3,1,2,3,3,1,1,3,4,4
burnleyexpress.net,59412.55986,150.2306454,902,5.208819596,0.3498721566,0.05279000882,1.193569713,0.2481043908,2,2,2,2,0,1,1,1,1,3,1,5,5,5,2,1,3,3,1,0,3,3,0,0,0
burytimes.co.uk,373.2562151,12.80207661,276,3.567541954,0.5356884058,0.01160868616,2.525298735,0.6608695652,1,1,1,1,2,1,1,1,1,1,2,2,2,3,4,2,1,1,2,3,2,2,3,4,4
buxtonadvertiser.co.uk,2150.805449,30.20837026,185,3.47277345,0.6673935799,0.02048842526,1.663339871,0.3265875785,1,1,1,1,2,1,1,1,1,1,2,2,1,2,4,2,1,1,2,3,1,1,3,4,4
cambrian-news.co.uk,8221.193198,70.3871683,65,3.44083443,0.5213178295,0.02209919871,1.332197085,0.25,1,1,1,1,2,1,1,1,1,1,6,1,1,2,3,3,2,2,3,0,1,1,0,0,0
cambridge-news.co.uk,11995.53923,65.52168877,918,4.701768975,0.3993644068,0.03784173004,1.531280267,0.2654280748,1,1,1,1,2,1,1,1,1,2,5,4,4,4,5,3,2,2,3,0,3,3,0,0,0
cambridgeindependent.co.uk,1609.373236,26.91837893,354,3.884052885,0.4843124166,0.04005042531,1.897878933,0.5153538051,1,1,1,1,2,1,1,1,1,1,2,2,1,3,4,3,1,2,3,3,1,1,3,4,4
centralfifetimes.com,2255.157861,32.59881238,146,3.098740456,0.6558252427,0.01712167836,1.300953403,0.07961165049,1,1,1,1,2,1,1,1,1,1,6,1,1,2,3,3,2,2,3,0,1,1,0,0,0
chad.co.uk,990.6965419,20.51104594,412,3.851290712,0.3599990353,0.04490187713,2.094131616,0.4759791626,1,1,1,1,2,1,1,1,1,1,2,2,1,4,4,3,2,2,3,3,1,1,3,4,4
chardandilminsternews.co.uk,3912.18406,44.84969591,99,3.972331042,0.5978835979,0.04748290077,1.416388432,0.1255144033,1,1,1,1,2,1,1,1,1,1,3,1,1,2,3,3,2,2,3,3,1,1,3,4,4
cheshire-live.co.uk,2454.809129,30.31314828,906,4.543110613,0.5113065933,0.04148910653,1.37803275,0.1898831934,1,1,1,1,2,1,1,1,1,2,5,4,4,4,5,3,2,2,3,0,3,3,0,0,0
chesterstandard.co.uk,2176.877834,30.80985587,512,4.184998348,0.526127686,0.026055799,1.74196655,0.3688510034,1,1,1,1,2,1,1,1,1,1,2,4,1,2,4,3,2,2,3,3,1,1,3,4,4
chroniclelive.co.uk,2991.174211,39.53257529,1008,4.957552388,0.4269088248,0.1052624044,1.766888668,0.3085258766,1,1,1,1,0,1,1,1,1,2,5,4,4,4,5,3,2,2,3,0,3,3,0,0,0
citymatters.london,157.2279743,8.02450336,200,3.851739236,0.7507889991,0.06350818788,3.077734902,0.8061316501,1,1,1,1,2,1,1,1,1,1,2,1,2,3,1,2,1,1,2,0,2,2,0,0,0
clydebankpost.co.uk,201.9057723,11.01308776,153,2.848365871,0.5825055188,0.009564402364,3.023383754,0.6158940397,1,1,1,1,2,1,1,1,1,1,2,2,2,3,1,2,1,1,2,3,2,2,3,4,4
colerainechronicle.co.uk,4645.337078,71.7338271,38,3.321933954,0.2584541063,-0.02285652059,1.827388553,0.2753623188,1,1,1,1,2,1,1,1,1,1,6,3,3,1,6,3,1,2,3,0,1,1,0,0,0
cornish-times.co.uk,2132.07082,40.36040447,35,3.176756944,0.5610328638,0.02897634509,1.951615253,0.2253521127,1,1,1,1,2,1,1,1,1,1,2,2,1,2,4,2,1,1,2,3,1,1,3,0,0
cornwalllive.com,4704.528674,64.33400115,825,4.672612274,0.5984593381,0.08746095764,1.37484953,0.03946701427,1,1,1,1,2,1,1,1,1,2,5,4,4,2,3,3,2,2,3,0,3,3,0,0,0
cornwallreports.co.uk,1762.894953,41.80740654,70,3.464392286,0.6490740741,0.1028805617,1.459904151,0.05432098765,1,1,1,1,2,1,1,1,1,2,3,1,1,2,3,3,2,2,3,0,1,1,0,0,0
countypress.co.uk,309.8790268,11.45092252,419,3.06965556,0.5866812227,0.02845705676,2.870547352,0.5448326055,1,1,1,1,2,1,1,1,1,1,2,2,2,3,4,2,1,1,2,3,2,2,3,0,4
coventrytelegraph.net,1856.302841,28.02311008,1227,4.458739465,0.3200768592,0.02583619039,1.923077686,0.4068134607,1,1,1,1,2,1,1,1,1,2,5,4,4,4,5,3,2,2,3,0,3,3,0,0,0
cravenherald.co.uk,10483.62926,63.98796671,440,4.306908065,0.5702220978,0.01717036397,1.416625857,0.2855543113,1,1,1,1,0,1,1,1,1,1,6,4,1,2,3,3,2,2,3,0,1,1,0,0,0
creditoncourier.co.uk,3064.157526,44.21084564,40,2.941908529,0.5393258427,-0.02256581114,1.634927918,0.4494382022,1,1,1,1,2,1,1,1,1,1,6,3,3,1,6,2,1,1,2,0,1,1,1,1,1
cumbriacrack.com,5370.198798,45.70879612,580,4.303357831,0.6114704553,0.06306536337,1.343939339,0.09207999096,1,1,1,1,2,1,1,1,1,2,3,4,1,2,3,3,2,2,3,3,1,3,0,0,0
cumnockchronicle.com,5622.416136,51.52109582,276,3.876126386,0.5834130019,0.03768342578,1.81943711,0.4455066922,1,1,1,1,2,1,1,1,1,1,2,2,1,2,4,3,2,2,3,3,1,1,3,4,4
cwherald.com,2984.957534,34.63941154,197,3.536434285,0.7371089224,0.03396278914,1.802589099,0.3725376593,1,1,1,1,2,1,1,1,1,1,2,2,1,2,4,2,1,1,2,0,1,1,3,4,4
dailyecho.co.uk,2049.944776,27.75575729,724,4.315932195,0.4150796906,0.0506355328,2.117210231,0.4428688621,1,1,1,1,2,1,1,1,1,2,5,4,4,4,5,3,2,2,3,0,1,1,3,4,4
dailypost.co.uk,9754.320826,78.46711867,849,4.740889173,0.6321648073,0.07021387095,1.043393233,0.102344846,1,1,1,1,2,1,1,1,1,2,5,4,4,2,3,3,2,2,3,0,3,3,0,0,0
dailyrecord.co.uk,123047.9448,222.6187409,1706,5.936863076,0.3923257953,0.05229188561,1.097158071,0.1531594893,2,2,2,2,0,3,3,3,3,3,1,5,6,5,2,1,3,3,1,0,3,3,0,0,0
darlingtonandstocktontimes.co.uk,12140.97847,86.56158972,335,4.671960127,0.5300925926,0.0951329571,1.303350616,0.09822866345,1,1,1,1,2,1,1,1,1,2,3,1,1,2,3,3,2,2,3,0,1,1,0,0,0
daventryexpress.co.uk,2054.378117,32.37442308,168,3.552556283,0.4198757764,0.05411427636,1.597293055,0.101863354,1,1,1,1,2,1,1,1,1,1,3,1,1,2,3,3,2,2,3,0,1,1,0,0,0
deeside.com,1615.257721,26.16621207,282,3.58111843,0.6154386952,0.0290680229,1.758119264,0.512935883,1,1,1,1,2,1,1,1,1,1,2,2,1,2,4,2,1,1,2,3,1,1,3,4,4
denbighshirefreepress.co.uk,5736.300901,50.62088293,516,4.481097081,0.6222154964,0.08346251632,1.393383685,0.195157385,1,1,1,1,2,1,1,1,1,2,3,4,1,2,3,3,2,2,3,0,1,3,0,0,0
derbyshiretimes.co.uk,1752.956954,26.2368753,520,4.003153872,0.3888183218,0.04355139353,1.928098539,0.407852194,1,1,1,1,2,1,1,1,1,1,2,4,1,4,5,3,2,2,3,3,1,1,3,4,4
derbytelegraph.co.uk,2408.005684,31.06408736,587,4.097239437,0.3137236939,0.0397191499,1.843162276,0.3841482567,1,1,1,1,2,1,1,1,1,1,5,4,1,4,5,3,2,2,3,3,1,1,3,4,4
derehamtimes.co.uk,3382.930874,35.58710229,230,4.087592218,0.6440026362,0.03638047097,1.376924386,0.2420913884,1,1,1,1,2,1,1,1,1,1,3,1,1,2,3,3,2,2,3,3,1,1,3,4,4
derryjournal.com,6899.046098,75.90466757,311,3.807666609,0.501650165,-0.0009806599169,1.991884272,0.5088008801,1,1,1,1,2,1,1,1,1,1,2,2,1,2,4,3,2,2,3,0,1,1,0,0,0
devonlive.com,8311.097402,58.13104595,1095,4.876100248,0.5499715262,0.06036445936,1.49116316,0.1175018983,1,1,1,1,2,1,1,1,1,2,5,4,4,4,5,3,2,2,3,0,3,3,0,0,0
dewsburyreporter.co.uk,378.7532414,13.29163356,205,3.801621908,0.5080786026,0.04740039604,2.282701786,0.5829694323,1,1,1,1,2,1,1,1,1,1,2,2,1,3,4,2,1,1,2,3,1,1,3,4,4
dissexpress.co.uk,6355.501035,51.34895336,136,4.264681317,0.5908469945,0.08575013281,1.440650641,0.2076502732,1,1,1,1,2,1,1,1,1,2,3,1,1,2,3,3,2,2,3,3,1,1,3,4,4
dissmercury.co.uk,3558.08692,40.62746527,229,4.471841313,0.6077001357,0.1053809641,1.360322275,0.1132971506,1,1,1,1,2,1,1,1,1,2,3,1,1,2,3,3,2,2,3,3,1,1,0,0,4
dng24.co.uk,14962.09058,93.47059259,83,3.151473115,0.6028287462,0.04106975238,1.168417638,0.003058103976,1,1,1,1,0,1,1,1,1,1,3,1,1,2,3,3,2,2,3,0,1,1,0,0,0
doncasterfreepress.co.uk,1475.362302,25.49276588,436,3.862470532,0.3651900296,0.03179727533,1.985174746,0.5461500494,1,1,1,1,2,1,1,1,1,1,2,2,1,4,4,3,2,2,3,3,1,1,3,4,4
donegalnews.com,2195.038526,70.88339494,32,2.858106026,0.3647342995,0.06466834167,1.520737371,0,1,1,1,1,2,1,1,1,1,1,3,1,1,2,3,3,2,2,3,0,1,1,0,0,0
dorsetecho.co.uk,3695.856382,46.43540214,840,4.20988354,0.5734334204,0.04674238574,1.769272702,0.2345852581,1,1,1,1,2,1,1,1,1,2,5,4,4,4,5,3,2,2,3,3,3,3,3,4,4
downnews.co.uk,4203.219711,56.1356579,198,4.230188486,0.4920634921,0.001218278329,1.653438367,0.1130952381,1,1,1,1,2,1,1,1,1,1,6,2,1,2,3,3,2,2,3,0,1,1,0,0,0
droitwichstandard.co.uk,1821.929281,29.23598522,212,3.649971663,0.3796985121,0.02675676953,2.022354972,0.5324980423,1,1,1,1,2,1,1,1,1,1,2,2,1,3,4,2,1,1,2,3,1,1,3,4,4
dudleynews.co.uk,17708.22691,107.8148828,233,4.163764303,0.3851256983,0.0809938192,1.583282911,0.5977653631,1,1,1,1,0,1,1,1,1,2,3,1,1,4,3,3,2,2,3,0,1,1,0,0,0
dumbartonreporter.co.uk,264.0748473,12.41051153,127,2.898048426,0.5777972028,0.01659891982,2.709853708,0.6263736264,1,1,1,1,2,1,1,1,1,1,2,2,2,3,1,2,1,1,2,3,2,2,3,4,4
dunfermlinepress.com,5362.252486,49.62650406,134,3.638212324,0.6117624811,0.01989589969,1.929861897,0.4841149773,1,1,1,1,2,1,1,1,1,1,2,2,1,2,4,2,1,1,2,0,1,1,3,4,4
dunmowbroadcast.co.uk,2216.989382,32.02525621,181,3.936480409,0.5906362545,0.0244500201,1.997259274,0.2929171669,1,1,1,1,2,1,1,1,1,1,2,2,1,2,4,3,2,2,3,3,1,1,3,4,4
eadt.co.uk,6973.374797,59.89186596,880,4.764587203,0.4578744493,0.04816614968,1.493537318,0.2093979442,1,1,1,1,2,1,1,1,1,2,5,4,4,4,5,3,2,2,3,0,3,3,2,3,3
eastdevonnews.co.uk,957.7286809,25.27238365,172,3.451021541,0.5103255588,0.05240867574,1.807602699,0.3085519922,1,1,1,1,2,1,1,1,1,1,3,1,1,2,4,3,2,2,3,3,1,1,3,4,4
eastleighnews.co.uk,217.6465819,11.3618064,94,3.030724007,0.5651709402,0.02507802266,2.593643302,0.5512820513,1,1,1,1,2,1,1,1,1,1,2,2,2,3,4,2,1,1,2,3,2,2,3,4,4
eastlondonadvertiser.co.uk,256.9687648,10.79203437,278,4.301491202,0.6916035354,0.01570338007,0.6920862439,0,1,1,1,1,0,1,1,1,1,1,6,1,1,2,3,3,2,2,3,0,1,1,0,0,0
eastlothiancourier.com,2756.138427,32.87692259,337,3.468933055,0.4980014535,0.04542725737,2.308355396,0.2088178295,1,1,1,1,2,1,1,1,1,1,2,2,1,2,4,3,2,2,3,3,1,1,3,0,4
ec1echo.co.uk,5.289089735,1.845256189,47,2.868240297,0.7,-0.002572259482,4.233969725,0.9176470588,1,1,1,1,1,2,2,2,2,1,4,6,2,6,1,2,1,1,2,1,2,2,0,2,2
echo-news.co.uk,1415.681115,28.57934723,394,4.002901384,0.522152301,0.03929679238,2.171979398,0.3094330028,1,1,1,1,2,1,1,1,1,1,2,2,1,2,4,3,2,2,3,3,1,1,3,4,4
edinburghnews.scotsman.com,4596.662277,43.66965715,606,4.234561225,0.5499937702,0.02112338748,2.170488586,0.5682780962,1,1,1,1,2,1,1,1,1,1,2,4,2,3,4,3,1,2,3,0,1,1,3,0,4
edp24.co.uk,4737.511815,46.8623754,888,4.632571459,0.5769685458,0.06293087821,1.529377611,0.2235269114,1,1,1,1,2,1,1,1,1,2,5,4,4,4,5,3,2,2,3,0,3,3,3,0,0
elystandard.co.uk,4646.954892,42.32423179,387,4.238488938,0.4944570136,0.09044303364,1.359943284,0.2259426848,1,1,1,1,2,1,1,1,1,2,3,1,1,2,3,3,2,2,3,0,1,1,0,0,0
enfielddispatch.co.uk,97.75877273,8.43612239,102,3.435358369,0.5501618123,-0.00005039350468,4.16169134,0.8608414239,1,1,1,1,1,2,2,2,2,1,4,6,2,6,1,2,1,1,2,0,2,2,0,0,0
essexlive.news,5497.292155,46.68521834,1037,5.398567922,0.3941975095,0.08970788095,1.551175895,0.08232445521,1,1,1,1,2,1,1,1,1,2,5,4,4,4,5,3,2,2,3,0,3,3,0,0,0
eveningnews24.co.uk,2065.394649,28.37008488,524,3.908870504,0.6323851204,0.02778966201,2.247006524,0.5701586433,1,1,1,1,2,1,1,1,1,1,2,4,2,3,4,2,1,1,2,3,1,1,0,0,4
eveshamobserver.co.uk,3893.460348,42.46131582,227,3.718386254,0.5228384992,0.02548114856,1.640475512,0.3352365416,1,1,1,1,2,1,1,1,1,1,2,2,1,2,4,3,2,2,3,3,1,1,3,4,4
examinerlive.co.uk,12751.81594,67.15648017,852,5.142812806,0.3766618294,0.05225842338,1.222230852,0.164404082,1,1,1,1,2,1,1,1,1,2,5,4,4,4,5,3,2,2,3,0,3,3,0,0,0
exeterobserver.org,2169.88724,36.90381419,96,2.908159885,0.7044392523,0.02314340592,2.158000715,0.6682242991,1,1,1,1,2,1,1,1,1,1,2,2,1,3,1,2,1,1,2,0,1,2,0,0,4
exmouthjournal.co.uk,3810.283665,47.56160918,143,3.729534277,0.5282118056,0.0521939312,1.886133514,0.3541666667,1,1,1,1,2,1,1,1,1,1,3,1,1,2,3,3,2,2,3,3,1,1,3,4,4
expressandstar.com,2250.261548,29.95905358,986,5.161358189,0.3100167756,0.09379624309,1.643200862,0.2873918418,1,1,1,1,2,1,1,1,1,2,5,4,4,4,5,3,2,2,3,0,3,3,0,0,0
fakenhamtimes.co.uk,3224.737571,42.77727764,217,4.065973174,0.6942977004,0.0552544781,1.533658416,0.1883157241,1,1,1,1,2,1,1,1,1,1,3,1,1,2,3,3,2,2,3,3,1,1,3,4,4
falkirkherald.co.uk,265.2188541,14.57331654,152,3.029711838,0.5897239264,0.006860728255,2.66888168,0.6809815951,1,1,1,1,2,1,1,1,1,1,2,2,2,3,1,2,1,1,2,3,2,2,3,4,4
falmouthpacket.co.uk,2239.017021,44.01319289,314,4.003872411,0.634280303,0.1161862015,1.897473758,0.2128787879,1,1,1,1,2,1,1,1,1,2,3,1,1,2,3,3,2,2,3,3,1,1,3,4,4
farnhamherald.com,1305.560445,36.27438812,23,2.714429104,0.4791666667,-0.0227977901,1.174377448,0.3541666667,1,1,1,1,2,1,1,1,1,1,6,3,3,1,6,2,1,1,2,0,1,1,1,1,1
fenlandcitizen.co.uk,3278.890787,39.14249546,200,3.66603986,0.5692645698,0.05401148669,1.566209518,0.1914893617,1,1,1,1,2,1,1,1,1,1,3,1,1,2,3,3,2,2,3,3,1,1,3,4,4
fifetoday.co.uk,1615.226302,25.60659504,231,3.483394678,0.515,0.06406108861,2.111797485,0.3916363636,1,1,1,1,2,1,1,1,1,1,3,1,1,2,4,3,1,2,3,3,1,1,3,4,4
fitzrovianews.com,4.455129516,1.491739829,115,2.960989426,0.8394628099,-0.001712865131,5.791143519,0.9561983471,1,1,1,1,0,2,2,2,2,1,4,6,2,6,1,2,1,1,2,0,2,2,0,0,0
forres-gazette.co.uk,25686.46392,102.9237392,202,3.615415358,0.6322031793,0.05174922112,1.454316982,0.2573273721,1,1,1,1,0,1,1,1,1,2,3,1,1,2,3,3,2,2,3,0,1,1,0,0,0
frometimes.co.uk,4995.136401,52.03891972,54,2.740079751,0.5785714286,-0.03469171368,2.285285877,0.39,1,1,1,1,0,1,1,1,1,1,6,3,3,1,6,2,1,1,2,0,1,1,0,0,0
gazette-news.co.uk,1378.171325,23.74804781,452,3.721663108,0.483785092,0.04679184454,2.355080992,0.5242013553,1,1,1,1,2,1,1,1,1,1,2,2,1,3,4,2,1,1,2,3,1,1,3,4,4
gazetteandherald.co.uk,2601.030765,33.06340223,143,3.795832535,0.6618357488,0.09370541243,1.216677183,0.08937198068,1,1,1,1,2,1,1,1,1,2,3,1,1,2,3,3,2,2,3,0,1,1,0,0,0
gazetteherald.co.uk,4867.133679,44.27592626,313,4.036353307,0.6330773833,0.06341510322,1.575604276,0.2816114878,1,1,1,1,2,1,1,1,1,1,3,1,1,2,3,3,2,2,3,3,1,1,3,4,4
gazettelive.co.uk,1163.867433,24.7812094,900,4.436928872,0.396822386,0.06167026755,2.063343731,0.4813931642,1,1,1,1,2,1,1,1,1,2,5,4,4,4,5,3,2,2,3,0,1,1,0,0,0
gazetteseries.co.uk,2238.111043,32.29257423,156,4.175704878,0.4970190779,0.1034415879,1.519103583,0.1399046105,1,1,1,1,2,1,1,1,1,2,3,1,1,2,3,3,2,2,3,0,1,1,0,0,0
gedlingeye.co.uk,56.06660875,6.033138837,103,2.821348272,0.4112220718,0.02498169611,2.234081379,0.788083954,1,1,1,1,2,1,1,1,1,1,2,2,2,3,4,2,1,1,2,3,2,2,0,0,4
getreading.co.uk,3268.504758,36.13774098,981,4.554185827,0.4272236217,0.03175410314,1.760874846,0.3581048348,1,1,1,1,2,1,1,1,1,2,5,4,4,4,5,3,2,2,3,2,3,3,0,0,0
getsurrey.co.uk,2102.693514,27.85243326,895,4.938135671,0.4679534861,0.0417143644,2.094151264,0.1814936031,1,1,1,1,2,1,1,1,1,2,5,4,4,4,5,3,2,2,3,2,3,3,0,0,0
glasgowtimes.co.uk,597.6569066,17.13135931,780,4.24463952,0.5604295718,0.02333005833,2.631341812,0.66576892,1,1,1,1,2,1,1,1,1,1,2,4,2,3,4,2,1,1,2,0,1,1,0,0,0
glasgowwestendtoday.scot,49.22417614,6.25434819,75,2.98504967,0.6994466801,0.07083527286,2.923320818,0.7665995976,1,1,1,1,0,1,1,1,1,1,2,1,2,3,1,2,1,1,2,0,2,2,0,0,0
glasgowworld.com,689.5494746,19.21042594,324,3.960750641,0.5844198175,0.01932842466,2.387596624,0.6857887875,1,1,1,1,2,1,1,1,1,1,2,2,1,3,4,2,1,1,2,3,2,2,3,4,4
gloucestershirelive.co.uk,3025.068252,35.20612611,870,4.306094502,0.5476956185,0.04237421392,1.749429325,0.185317729,1,1,1,1,2,1,1,1,1,2,5,4,4,4,5,3,2,2,3,0,3,3,0,4,4
granthamjournal.co.uk,2634.59025,33.61306468,401,3.236059002,0.5895102781,0.01440868687,2.058945051,0.4964933495,1,1,1,1,2,1,1,1,1,1,2,2,1,3,4,2,1,1,2,3,1,1,3,4,4
greatergovanhill.com,17.45859138,3.391392386,53,2.403708375,0.6259824318,0.003649256562,3.906800977,0.8964401294,1,1,1,1,1,2,2,2,2,1,4,6,2,6,1,2,1,1,2,0,2,2,0,2,2
greatyarmouthmercury.co.uk,2171.836056,43.8054535,306,3.747800506,0.5543644717,0.03981676961,1.649729839,0.3723838693,1,1,1,1,2,1,1,1,1,1,3,1,1,2,4,3,2,2,3,3,1,1,3,4,4
greenocktelegraph.co.uk,345.4574271,13.93170786,139,2.96165556,0.6280120482,0.03111754149,2.736680034,0.7177280551,1,1,1,1,2,1,1,1,1,1,2,2,2,3,1,2,1,1,2,3,2,2,3,4,4
greenwichwire.co.uk,113.5522084,7.170613543,192,3.689055192,0.6348200136,0.005259071463,2.655819619,0.8399366086,1,1,1,1,2,1,1,1,1,1,2,2,2,3,1,2,1,1,2,3,2,2,3,0,4
grimsbytelegraph.co.uk,3316.867109,42.48320998,721,4.237801865,0.3083687284,0.04926370796,1.70116579,0.5054419963,1,1,1,1,2,1,1,1,1,2,5,4,4,4,5,3,2,2,3,2,1,1,0,0,0
guildford-dragon.com,564.1971799,15.85139778,102,3.245090815,0.6543880837,0.005239963772,3.007115744,0.6054750403,1,1,1,1,2,1,1,1,1,1,2,2,2,3,1,2,1,1,2,3,2,2,3,4,4
hackneygazette.co.uk,224.6454505,9.629697601,296,4.284819384,0.7007032543,0.01441590059,2.780284983,0.7578599007,1,1,1,1,2,1,1,1,1,1,2,2,2,3,1,2,1,1,2,3,2,2,3,4,0
halesowennews.co.uk,139.9486649,8.450559422,74,3.322081948,0.4078810021,0.03229409658,3.285389997,0.7954070981,1,1,1,1,2,1,1,1,1,1,2,2,2,3,1,2,1,1,2,0,2,2,0,0,0
halifaxcourier.co.uk,835.376854,19.92639654,325,3.890333808,0.5241805677,0.02808481708,2.128888088,0.6101843723,1,1,1,1,2,1,1,1,1,1,2,2,1,3,4,2,1,1,2,3,1,1,3,4,4
halsteadgazette.co.uk,1780.834678,28.66938453,91,3.49302348,0.5761455526,0.007375132208,1.811536896,0.4245283019,1,1,1,1,2,1,1,1,1,1,6,2,1,3,4,2,1,1,2,3,1,1,3,4,4
hampshirechronicle.co.uk,1554.136687,24.73526198,571,3.935770354,0.5832288008,0.02863914216,2.374906152,0.421349724,1,1,1,1,2,1,1,1,1,1,2,4,2,3,4,2,1,1,2,3,1,1,3,0,4
harrogateadvertiser.co.uk,2659.47261,36.35054181,209,3.48669216,0.5373059229,0.03145648839,1.84802743,0.5100632547,1,1,1,1,2,1,1,1,1,1,2,2,1,3,4,2,1,1,2,3,1,1,3,4,4
harrowonline.org,176.2785961,8.583948414,183,3.702039388,0.618744313,0.009889678815,3.232609961,0.7547770701,1,1,1,1,2,1,1,1,1,1,2,2,2,3,1,2,1,1,2,3,2,2,3,4,4
harrowtimes.co.uk,24426.63773,107.5239657,241,4.88222418,0.4689457203,0.05728214427,1.66763576,0.4279749478,1,1,1,1,0,1,1,1,1,2,3,1,1,4,3,3,2,2,3,0,1,1,0,0,0
hartlepoolmail.co.uk,1956.565533,37.38547163,502,3.93496234,0.5677700194,0.0221765618,1.683308835,0.104295563,1,1,1,1,2,1,1,1,1,1,2,4,1,2,3,3,2,2,3,3,1,1,3,0,4
haslemereherald.com,808.2402305,35.33553746,29,3.083920962,0.4811320755,0.04328289238,1.961986164,0.2075471698,1,1,1,1,2,1,1,1,1,1,2,2,1,2,4,3,1,2,3,3,1,1,3,0,4
helensburghadvertiser.co.uk,2707.3083,35.43100271,292,2.95118329,0.6931387158,0.008662345551,2.213932668,0.5673259279,1,1,1,1,2,1,1,1,1,1,2,2,1,3,4,2,1,1,2,0,1,2,0,0,0
henleystandard.co.uk,601.8103212,15.53538165,199,2.986179573,0.5483897136,0.005479448626,2.582717513,0.5894378194,1,1,1,1,2,1,1,1,1,1,2,2,2,3,4,2,1,1,2,3,2,2,3,4,4
herefordtimes.com,22439.64654,90.28972411,1067,4.806992058,0.5603868367,0.03715093694,1.391850781,0.3400312838,1,1,1,1,0,1,1,1,1,2,5,4,4,4,5,3,2,2,3,0,3,3,0,0,0
hertfordshiremercury.co.uk,2833.711006,32.87514988,886,4.78040844,0.4476589034,0.03348827399,1.812576926,0.2789907812,1,1,1,1,2,1,1,1,1,2,5,4,4,4,5,3,2,2,3,2,3,3,0,0,0
hertsad.co.uk,941.130218,19.89014201,396,4.167690984,0.4385862299,0.03009767058,2.437969144,0.5120320856,1,1,1,1,2,1,1,1,1,1,2,2,2,3,4,2,1,1,2,3,1,1,3,4,4
hexham-courant.co.uk,4630.800685,43.85895787,582,4.338806053,0.593666785,0.04724292648,1.692419741,0.2048641931,1,1,1,1,2,1,1,1,1,2,5,4,4,4,3,3,2,2,3,3,1,3,3,4,4
holderness-gazette.co.uk,997.9511898,43.12177061,57,3.300322546,0.3808290155,0.0828265908,1.436787221,0.1813471503,1,1,1,1,2,1,1,1,1,1,3,1,1,2,3,3,2,2,3,0,1,1,0,0,0
hucknalldispatch.co.uk,231.2403338,11.35331066,102,2.897102718,0.4003227408,0.02442874773,2.420174239,0.641509434,1,1,1,1,2,1,1,1,1,1,2,2,2,3,4,2,1,1,2,0,2,2,0,0,0
hulldailymail.co.uk,8120.164539,60.90151669,1172,4.497033761,0.4311727487,0.03998137268,1.601008839,0.4816804002,1,1,1,1,0,1,1,1,1,2,5,4,4,4,5,3,2,2,3,0,3,3,0,0,0
huntspost.co.uk,2431.422051,29.95289386,313,3.893688468,0.4891754518,0.05718993595,1.747853128,0.3008283133,1,1,1,1,2,1,1,1,1,1,3,1,1,2,3,3,2,2,3,3,1,1,3,4,4
ilfordrecorder.co.uk,315.3823307,12.0618214,309,4.518508936,0.6356382979,0.03073085795,2.55977932,0.6803675048,1,1,1,1,2,1,1,1,1,1,2,2,2,3,4,2,1,1,2,0,2,2,0,0,4
ilkleygazette.co.uk,4472.66182,47.47429948,297,4.271529074,0.5007173601,0.04719806611,1.634050952,0.356527977,1,1,1,1,2,1,1,1,1,1,3,1,1,2,3,3,2,2,3,3,1,1,3,4,4
impartialreporter.com,2907.008628,48.12469461,201,3.8699413,0.5696937698,0.0007205373931,1.98006373,0.4223864836,1,1,1,1,2,1,1,1,1,1,2,2,1,3,4,2,1,1,2,3,1,1,3,4,4
inksplott.co.uk,30.4236806,5.038769864,35,1.688632344,0.712585034,-0.02176432831,3.576023083,0.8928571429,1,1,1,1,0,2,2,2,2,1,4,2,2,6,1,2,1,1,2,0,2,2,0,0,0
inverness-courier.co.uk,20487.29622,89.55358297,487,3.94276688,0.5053170259,0.02797564516,1.799755275,0.4552400502,1,1,1,1,0,1,1,1,1,1,5,1,1,4,3,3,2,2,3,0,1,1,0,0,0
ipswichstar.co.uk,4212.911414,42.34749485,669,4.338207832,0.4607780257,0.03624331119,1.788352429,0.3808142777,1,1,1,1,2,1,1,1,1,2,5,4,4,4,5,3,1,2,3,0,1,1,3,0,4
irvinetimes.com,902.8786152,29.36925682,98,3.423995901,0.5405007364,0.06182549955,2.278228727,0.4467353952,1,1,1,1,2,1,1,1,1,1,2,1,1,2,4,2,1,1,2,3,1,1,0,4,0
islandecho.co.uk,259.2719874,11.45092252,283,2.989325468,0.5909273384,0.02917336211,2.824275812,0.4664793256,1,1,1,1,2,1,1,1,1,1,2,2,2,3,4,2,1,1,2,3,2,2,3,4,4
islingtongazette.co.uk,159.1549387,8.303141789,267,4.331073472,0.7220332577,0.01900896613,2.932341425,0.7850529101,1,1,1,1,2,1,1,1,1,1,2,2,2,3,1,2,1,1,2,0,2,2,0,0,0
johnogroat-journal.co.uk,27000.04835,126.7654896,379,3.780967463,0.6818181818,0.03275501862,1.306131382,0.1921487603,1,1,1,1,0,1,1,1,1,2,3,1,1,2,3,3,2,2,3,0,1,1,0,0,0
keighleynews.co.uk,943.6550405,22.07269675,213,3.530889147,0.4870990237,0.02834450337,2.145485492,0.5453277545,1,1,1,1,2,1,1,1,1,1,2,2,2,3,4,2,1,1,2,3,1,1,3,4,4
kentlive.news,4918.600405,68.61001559,721,4.902127581,0.3402368368,0.1001930596,1.270274074,0.08365521447,1,1,1,1,2,1,1,1,1,2,5,4,4,4,5,3,2,2,3,0,3,3,0,0,0
kentonline.co.uk,5401.463889,44.21282457,963,4.719599376,0.3688444031,0.07123345472,1.71836586,0.1217463273,1,1,1,1,2,1,1,1,1,2,5,4,4,4,5,3,2,2,3,0,3,3,0,0,0
kidderminstershuttle.co.uk,1673.252608,34.03132705,72,3.407490812,0.4561567164,0.01321626698,1.586440034,0.08208955224,1,1,1,1,2,1,1,1,1,1,6,2,1,1,6,3,1,2,3,0,1,1,0,0,0
kilburntimes.co.uk,388.9734603,12.62845658,269,4.310840286,0.6107568027,0.02043449713,2.707349521,0.7083333333,1,1,1,1,2,1,1,1,1,1,2,2,2,3,4,2,1,1,2,3,2,2,3,4,4
knutsfordguardian.co.uk,845.7521651,18.51893992,293,3.652464142,0.5682599725,0.02264116809,1.915487332,0.4115084823,1,1,1,1,2,1,1,1,1,1,2,2,1,3,4,2,1,1,2,3,1,1,3,4,4
lancashiretelegraph.co.uk,2706.399264,33.98146376,779,4.457228264,0.3420140814,0.04750554204,1.850582187,0.3153342943,1,1,1,1,2,1,1,1,1,2,5,4,4,4,5,3,2,2,3,0,1,1,0,0,0
lancasterguardian.co.uk,86768.16973,196.8076428,806,5.306496053,0.4088983051,0.06516436182,1.114148584,0.2174662453,2,2,2,2,0,3,3,3,3,3,1,5,6,5,2,1,3,3,1,0,3,3,0,0,0
lancs.live,3423.504569,37.22023263,1173,4.926023046,0.3119596735,0.07377654552,1.489206247,0.05525425549,1,1,1,1,2,1,1,1,1,2,5,4,4,4,5,3,2,2,3,0,3,3,0,0,0
largsandmillportnews.com,612.5506075,17.97304918,106,2.984155983,0.6713082902,0.01281021442,2.960323397,0.5323834197,1,1,1,1,2,1,1,1,1,1,2,2,2,3,1,2,1,1,2,3,2,2,3,0,4
leaderlive.co.uk,5474.005063,47.32360691,643,4.132022942,0.5990905971,0.05312143009,1.560997514,0.316403569,1,1,1,1,2,1,1,1,1,2,5,4,4,4,3,3,2,2,3,3,1,3,3,4,4
leamingtonobserver.co.uk,1966.873573,28.76913145,311,3.919540822,0.4804868624,0.03254078061,1.957655447,0.5105615662,1,1,1,1,2,1,1,1,1,1,2,2,1,3,4,2,1,1,2,3,1,1,3,4,4
ledburyreporter.co.uk,2528.267836,31.93881631,214,3.99500678,0.5741701245,0.06356688942,1.577230015,0.1908713693,1,1,1,1,2,1,1,1,1,1,3,1,1,2,3,3,2,2,3,3,1,1,3,4,4
leicestermercury.co.uk,1763.059518,26.18678838,1044,4.359851022,0.380667789,0.03253314499,1.924787092,0.5093901983,1,1,1,1,2,1,1,1,1,2,5,4,4,4,5,3,2,2,3,0,3,3,0,0,0
leighjournal.co.uk,35344.69377,127.382364,551,4.738227621,0.371609925,0.02975639712,1.452697119,0.4723023658,2,2,2,2,0,1,1,1,1,2,5,5,5,5,2,1,3,3,1,0,3,3,0,0,0
leightonbuzzardonline.co.uk,1285.067747,24.1774019,93,3.126622842,0.3190298507,0.00006900024541,2.20118246,0.4645522388,1,1,1,1,2,1,1,1,1,1,2,2,2,1,6,2,1,1,2,0,1,1,0,0,0
lep.co.uk,20677.65374,89.73616113,1200,5.084463711,0.3548145786,0.03903989528,1.434868303,0.2717551261,2,2,1,2,0,1,1,1,1,2,5,4,4,4,5,3,2,2,3,0,3,3,0,0,0
lincolnshirelive.co.uk,6730.408612,52.5399008,702,4.624636789,0.4708304853,0.07127749488,1.244866079,0.1203007519,1,1,1,1,2,1,1,1,1,2,5,4,4,4,5,3,2,2,3,0,3,3,2,3,3
lincolnshireworld.com,14278.42631,83.78309406,153,4.117232384,0.497960373,0.05430865446,1.085800859,0.1072261072,1,1,1,1,0,1,1,1,1,1,3,1,1,2,3,3,2,2,3,0,1,1,0,0,0
liverpoolecho.co.uk,1120.742601,23.41077474,1296,4.801546668,0.3211459437,0.06062253569,2.085991354,0.570034351,1,1,1,1,0,1,1,1,1,2,5,4,4,4,5,3,2,2,3,0,3,3,0,0,0
liverpoolworld.uk,460.1840801,15.62633531,222,4.071927899,0.4452185792,0.07222269252,2.152062447,0.6770491803,1,1,1,1,2,1,1,1,1,1,3,1,1,3,4,2,1,1,2,3,1,1,0,0,0
london-se1.co.uk,29.45798424,3.820336679,88,2.40728227,0.7975972839,-0.00812805544,4.227036932,0.9341864717,1,1,1,1,1,2,2,2,2,1,4,6,2,6,1,2,1,1,2,1,2,2,0,2,2
londonnewsonline.co.uk,346.1051253,11.35756848,506,4.772946147,0.7087533353,0.04256042397,2.785524448,0.6655796027,1,1,1,1,2,1,1,1,1,1,2,2,2,3,4,2,1,1,2,0,2,2,0,0,0
lowestoftjournal.co.uk,2115.37547,43.04497571,267,3.431093539,0.6341473939,0.02467570257,1.812772731,0.4142216086,1,1,1,1,2,1,1,1,1,1,2,2,1,2,4,2,1,1,2,3,1,1,3,4,4
ludlowadvertiser.co.uk,3698.869058,39.76837506,139,3.800006468,0.6542553191,0.02410618893,1.28990051,0.226443769,1,1,1,1,2,1,1,1,1,1,6,1,1,2,3,3,2,2,3,3,1,1,3,0,4
lutontoday.co.uk,912.8800439,21.22831333,247,3.305416998,0.5788095238,0.01560511516,1.922561159,0.1623809524,1,1,1,1,2,1,1,1,1,1,2,2,1,2,4,2,1,1,2,3,1,1,3,0,4
lynnnews.co.uk,5919.271873,49.00531217,359,4.064622468,0.605583501,0.0418458549,1.58980716,0.2084507042,1,1,1,1,2,1,1,1,1,1,3,1,1,2,3,3,2,2,3,3,1,1,3,4,4
maidenhead-advertiser.co.uk,294.7758783,12.31401596,180,2.724356985,0.6382945249,-0.002697925678,3.198373641,0.7059471366,1,1,1,1,2,1,1,1,1,1,2,2,2,3,1,2,1,1,2,3,2,2,3,4,4
maldonandburnhamstandard.co.uk,1116.055684,22.56458974,178,3.52450448,0.5983606557,0.008255407843,2.477171493,0.4489981785,1,1,1,1,2,1,1,1,1,1,2,2,2,3,4,2,1,1,2,3,1,2,3,4,4
malverngazette.co.uk,1259.286218,22.70301129,353,4.031526276,0.5021588215,0.04291763141,1.830146558,0.2478835083,1,1,1,1,2,1,1,1,1,1,2,2,1,2,4,3,2,2,3,3,1,1,3,4,4
malvernobserver.co.uk,4942.965929,56.73836034,185,4.042492051,0.517668428,0.07504488813,1.853326007,0.2443857332,1,1,1,1,2,1,1,1,1,1,3,1,1,2,3,3,2,2,3,3,1,1,0,4,4
manchestereveningnews.co.uk,3030.198978,33.08504296,1881,5.346125463,0.3987795209,0.05338152184,1.83211458,0.4153593476,1,1,1,1,0,1,1,1,1,2,5,4,4,4,5,3,2,2,3,0,3,3,0,0,0
meltontimes.co.uk,1333.569438,24.54544923,149,3.471872375,0.4761695906,0.01375459824,1.927574435,0.4105263158,1,1,1,1,2,1,1,1,1,1,2,2,1,3,4,2,1,1,2,3,1,1,3,4,4
middevonadvertiser.co.uk,671.1025311,23.57754417,56,2.99105138,0.5602787456,0.02136016058,2.069236191,0.4926829268,1,1,1,1,2,1,1,1,1,1,2,2,1,3,4,2,1,1,2,3,2,2,3,4,4
midlothianview.com,471.7748089,14.81207466,127,3.46078489,0.5152366864,0.03097453799,2.633929229,0.4923076923,1,1,1,1,2,1,1,1,1,1,2,2,2,3,4,2,1,1,2,3,1,1,3,4,4
miltonkeynes.co.uk,242.6190821,13.41670779,270,3.779116856,0.4450944171,0.01979440824,2.652213235,0.64408867,1,1,1,1,2,1,1,1,1,1,2,2,2,3,4,2,1,1,2,3,2,2,3,4,4
mnrjournal.co.uk,1043.001753,28.68612588,32,2.960463613,0.3415730337,0.03332782561,2.128223921,0.2808988764,1,1,1,1,2,1,1,1,1,1,2,2,1,1,6,2,1,1,2,0,1,1,0,0,0
monmouthshirebeacon.co.uk,1779.099678,37.26454508,30,2.78167123,0.42,-0.01578549924,1.366088701,0.2,1,1,1,1,2,1,1,1,1,1,6,3,3,1,6,2,1,1,2,0,1,1,1,1,1
mylondon.news,1657.890656,24.85738682,1124,5.746454835,0.5861155449,0.07568678372,2.19290905,0.4498536845,1,1,1,1,0,1,1,1,1,2,5,4,4,4,5,3,2,2,3,0,3,3,0,0,0
mynewtown.co.uk,4345.929464,47.60232998,101,3.206644787,0.7687747036,0.06194461119,1.49273627,0.3003952569,1,1,1,1,2,1,1,1,1,1,3,1,1,2,3,3,1,2,3,0,1,1,0,0,0
mywelshpool.co.uk,4200.382651,44.4875502,134,3.066523602,0.7651623687,0.02349815008,1.431455416,0.3610315186,1,1,1,1,2,1,1,1,1,1,6,1,1,2,3,2,1,1,2,0,1,1,0,0,0
newarkadvertiser.co.uk,1680.169199,26.92329187,530,3.963197651,0.473486007,0.04332557174,1.73594618,0.2726716623,1,1,1,1,2,1,1,1,1,1,3,4,1,4,4,3,2,2,3,3,1,1,3,4,4
newburytoday.co.uk,974.2302803,21.49644904,173,3.412410316,0.4479744136,0.03388101308,2.217639057,0.5231343284,1,1,1,1,2,1,1,1,1,1,2,2,2,3,4,2,1,1,2,3,1,1,3,4,4
newhamrecorder.co.uk,236.0953197,10.88638997,202,4.080519018,0.6788990826,0.02139101691,2.936873331,0.745158002,1,1,1,1,2,1,1,1,1,1,2,2,2,3,1,2,1,1,2,3,2,2,3,4,4
newhamvoices.co.uk,7.536413834,2.187957949,54,2.790992704,0.7757805109,-0.005338739286,4.558732927,0.9205298013,1,1,1,1,1,2,2,2,2,1,4,6,2,6,1,2,1,1,2,1,2,2,0,2,2
newry.ie,1892.350594,32.64615484,173,3.763183539,0.5637019231,-0.002203659302,1.754487807,0.4679487179,1,1,1,1,2,1,1,1,1,1,6,2,1,3,4,2,1,1,2,3,1,1,3,4,4
newrydemocrat.com,1957.835302,31.557547,112,3.661734878,0.5652834008,-0.003425434465,1.941643312,0.4291497976,1,1,1,1,2,1,1,1,1,1,6,2,1,3,4,2,1,1,2,3,1,1,3,4,4
news-journal.co.uk,204.215266,14.3968279,58,2.865288799,0.5164473684,0.01682979986,2.520231747,0.6447368421,1,1,1,1,2,1,1,1,1,1,2,2,2,3,4,2,1,1,2,3,2,2,3,4,4
newsandstar.co.uk,7163.478613,61.76460714,379,4.189174146,0.5652222222,0.1051394932,1.46394875,0.2634074074,1,1,1,1,2,1,1,1,1,2,3,1,1,2,3,3,2,2,3,3,1,1,3,4,4
newsletter.co.uk,10280.88561,67.84210868,849,4.697056623,0.4589387335,0.0008026088561,1.792540365,0.4316503209,1,1,1,1,0,1,1,1,1,2,5,4,4,4,5,3,2,2,3,0,3,3,0,0,0
newsshopper.co.uk,2176.210327,29.61510741,786,5.364358383,0.4460220086,0.07394536657,2.049888964,0.3862888945,1,1,1,1,2,1,1,1,1,2,5,4,4,4,5,3,2,2,3,0,3,3,0,0,0
nnjournal.co.uk,1136.377552,24.13675232,81,3.345539228,0.4653328051,0.06893816017,1.376449001,0.2599049128,1,1,1,1,2,1,1,1,1,1,3,1,1,2,3,3,2,2,3,3,1,1,0,0,0
north.wales,4737.54793,52.81767704,158,4.149688024,0.6876684636,0.07701320614,0.7280317773,0.0530098832,1,1,1,1,0,1,1,1,1,2,3,1,1,2,3,3,2,2,3,0,1,1,0,0,0
northamptonchron.co.uk,1028.805577,20.38431956,422,3.590150699,0.4825216185,0.0304029341,2.060950308,0.4710393213,1,1,1,1,2,1,1,1,1,1,2,2,1,3,4,2,1,1,2,3,1,1,3,4,4
northantstelegraph.co.uk,1317.645054,24.91036119,314,3.617141426,0.4973021583,0.06430755711,1.868403198,0.3412769784,1,1,1,1,2,1,1,1,1,1,3,1,1,2,4,3,2,2,3,3,1,1,3,4,4
northdevongazette.co.uk,6619.443713,72.69357931,68,3.912734219,0.5330132053,0.0149336982,1.142886369,0.09243697479,1,1,1,1,2,1,1,1,1,1,6,1,1,2,3,3,2,2,3,0,1,1,0,0,0
northern-scot.co.uk,9182.997362,66.37294571,301,3.719773546,0.5973372781,0.06924043834,1.700151106,0.2443786982,1,1,1,1,2,1,1,1,1,2,3,1,1,2,3,3,2,2,3,3,1,1,0,0,4
northern-times.co.uk,21546.63035,108.5930867,246,4.068267761,0.5825923393,0.02253481801,1.252277174,0.07660738714,1,1,1,1,0,1,1,1,1,1,3,1,1,2,3,3,2,2,3,0,1,1,0,0,0
northernconstitution.co.uk,1859.732689,36.66585074,50,3.065575717,0.4229287091,-0.01162689758,1.290969602,0.04624277457,1,1,1,1,2,1,1,1,1,1,6,3,3,1,6,3,1,2,3,0,1,1,0,0,0
northnorfolknews.co.uk,2806.163493,48.83435249,337,4.224214217,0.6614704176,0.1207112615,1.504506095,0.1371809745,1,1,1,1,2,1,1,1,1,2,3,1,1,2,3,3,2,2,3,3,1,1,3,4,4
northsomersettimes.co.uk,1146.486674,22.84552353,195,3.683832926,0.6540893761,0.04394926122,1.535654484,0.07251264755,1,1,1,1,2,1,1,1,1,1,3,1,1,2,3,3,2,2,3,0,1,1,3,0,4
northumberlandgazette.co.uk,5039.301253,49.28065187,245,3.955451034,0.5795146727,0.0508722231,1.510662659,0.1173814898,1,1,1,1,2,1,1,1,1,1,3,1,1,2,3,3,2,2,3,3,1,1,3,4,4
northwaleschronicle.co.uk,4418.491573,49.6021509,262,4.105563096,0.6823069404,0.09090678887,1.355693832,0.1959921799,1,1,1,1,2,1,1,1,1,2,3,1,1,2,3,3,2,2,3,3,1,1,0,0,0
northwalespioneer.co.uk,3919.884249,45.74623422,375,4.029316971,0.670463138,0.1183767271,1.634213943,0.404536862,1,1,1,1,2,1,1,1,1,2,3,1,1,2,3,3,2,2,3,0,1,1,0,0,0
northwichguardian.co.uk,1079.060778,21.5294302,302,3.715004696,0.5435867896,0.02177465794,2.070174736,0.4723502304,1,1,1,1,2,1,1,1,1,1,2,2,1,3,4,2,1,1,2,3,1,1,3,4,4
nottinghampost.com,1184.530833,22.63914397,618,4.039454851,0.2488451736,0.04023044108,2.078939774,0.5314856111,1,1,1,1,2,1,1,1,1,1,2,4,1,4,5,3,2,2,3,0,1,1,0,0,0
oggybloggyogwr.com,163.3051553,9.858932585,64,2.770237216,0.6431095406,-0.007894343563,3.248382155,0.7438162544,1,1,1,1,2,1,1,1,1,1,4,2,2,3,1,2,1,1,2,3,2,2,3,4,4
okehampton-today.co.uk,2577.943858,37.97136978,24,2.723851583,0.4425531915,-0.04369304771,1.487992789,0.2765957447,1,1,1,1,2,1,1,1,1,1,6,3,3,1,6,2,1,1,2,0,1,1,1,1,1
orcadian.co.uk,1210.949965,32.50220483,61,2.375255846,0.6216494845,0.07479131941,2.063488667,0.5793814433,1,1,1,1,2,1,1,1,1,1,3,1,1,2,4,2,1,1,2,0,1,2,0,0,0
oxfordmail.co.uk,1037.109514,20.67151966,648,3.824296743,0.5181902517,0.03146950142,2.271842161,0.5194062782,1,1,1,1,2,1,1,1,1,1,2,4,2,3,4,2,1,1,2,3,1,1,3,4,4
peeblesshirenews.com,2739.023081,38.10768972,108,3.347992538,0.6004697843,0.1011551471,1.575337629,0.1494768311,1,1,1,1,2,1,1,1,1,2,3,1,1,2,3,3,2,2,3,0,1,1,0,0,0
peterboroughtoday.co.uk,2098.424665,29.32409848,449,3.454847495,0.491966581,0.01751534006,2.062671806,0.6137532134,1,1,1,1,2,1,1,1,1,1,2,2,1,3,4,2,1,1,2,3,1,1,3,4,4
petersfieldpost.co.uk,527.2306848,19.66430574,20,2.396332627,0.6393939394,-0.02442883424,1.064372556,0.4727272727,1,1,1,1,2,1,1,1,1,1,6,3,3,1,6,2,1,1,2,0,1,1,0,0,0
plymouthherald.co.uk,5287.290077,56.87397026,747,3.990726951,0.5878063601,0.04132895651,1.950596475,0.6174802512,1,1,1,1,2,1,1,1,1,2,5,4,4,3,4,3,1,2,3,0,1,1,0,0,0
pressandjournal.co.uk,37009.22774,156.4972286,896,4.806932295,0.48411219,0.03499187542,1.038002808,0.2320530605,2,2,2,2,0,1,1,1,1,3,5,5,5,5,2,1,3,3,1,0,3,3,0,0,0
rdg.today,258.2663804,11.27383169,178,3.278385504,0.4773492667,0.01737479385,2.611597647,0.6235741445,1,1,1,1,2,1,1,1,1,1,2,2,2,3,4,2,1,1,2,3,2,2,3,4,4
readingchronicle.co.uk,198.2026696,10.82793142,192,3.07807188,0.4823907543,0.01588634845,2.832463937,0.7228338918,1,1,1,1,2,1,1,1,1,1,2,2,2,3,1,2,1,1,2,3,2,2,3,4,4
redditchadvertiser.co.uk,1424.162903,24.26370769,260,3.986339182,0.4027777778,0.03104910832,1.932395162,0.4145549058,1,1,1,1,2,1,1,1,1,1,2,2,1,4,4,3,2,2,3,3,1,1,3,4,4
redditchstandard.co.uk,893.0189707,20.9126974,221,3.590580204,0.4268417462,0.020574515,2.4726796,0.4849931787,1,1,1,1,2,1,1,1,1,1,2,2,2,3,4,2,1,1,2,3,1,1,3,4,4
rhyljournal.co.uk,3884.654037,46.71811093,375,4.039940213,0.6132572076,0.06631458899,1.568063324,0.3854875283,1,1,1,1,2,1,1,1,1,2,3,1,1,2,3,3,2,2,3,3,1,1,3,4,4
richmondshiretoday.co.uk,7135.39608,58.337579,121,3.603076462,0.6786542923,0.02511997167,1.108577255,0.06728538283,1,1,1,1,2,1,1,1,1,1,6,1,1,2,3,3,2,2,3,0,1,1,0,0,0
romanroadlondon.com,14.21945422,2.645437754,95,2.689896428,0.7594888423,0.002208830951,4.335964749,0.9252336449,1,1,1,1,1,2,2,2,2,1,4,6,2,6,1,2,1,1,2,1,2,2,0,2,2
romfordrecorder.co.uk,452.0228124,13.82768203,316,4.105377916,0.5186662043,0.01371460941,2.782178462,0.6671289875,1,1,1,1,2,1,1,1,1,1,2,2,2,3,4,2,1,1,2,3,2,2,3,4,4
ross-shirejournal.co.uk,18289.47963,84.68301003,292,4.200457607,0.5472990605,0.1194230597,1.595736244,0.139874739,1,1,1,1,0,1,1,1,1,2,3,1,1,2,3,3,2,2,3,0,1,1,0,0,0
rossgazette.com,2621.315748,40.44057065,30,2.908683715,0.3615384615,-0.02499114758,1.504012213,0.3076923077,1,1,1,1,2,1,1,1,1,1,6,3,3,1,6,2,1,1,2,0,1,1,0,0,0
rotherhamadvertiser.co.uk,314.4416647,11.8007757,116,3.335847371,0.4390822785,0.06179490153,2.519318918,0.6983122363,1,1,1,1,2,1,1,1,1,1,2,1,2,3,4,2,1,1,2,3,1,1,0,0,0
royston-crow.co.uk,3481.89779,40.28677913,267,4.295920853,0.5445264242,0.03782532665,1.627171696,0.166781057,1,1,1,1,2,1,1,1,1,1,3,1,1,2,3,3,2,2,3,3,1,1,3,4,4
rugbyobserver.co.uk,4071.704789,42.27535356,248,3.949848844,0.3560330912,0.02459496719,1.667991091,0.2808716707,1,1,1,1,2,1,1,1,1,1,2,2,1,2,4,3,2,2,3,0,1,1,0,0,0
runcornandwidnesworld.co.uk,1013.337071,20.14721894,204,3.417137846,0.4542721519,0.01301879784,2.092888327,0.5158227848,1,1,1,1,2,1,1,1,1,1,2,2,2,3,4,2,1,1,2,3,1,1,3,4,4
saddind.co.uk,101.8956875,8.945787656,122,2.715442185,0.5421504291,-0.0007018269353,2.607992226,0.7455830389,1,1,1,1,2,1,1,1,1,1,2,2,2,3,1,2,1,1,2,3,2,2,3,4,4
saffronwaldenreporter.co.uk,5849.193675,47.64357998,230,4.367052257,0.5200945626,0.03831059579,1.368066805,0.2423167849,1,1,1,1,2,1,1,1,1,1,3,1,1,2,3,3,2,2,3,3,1,1,3,4,4
salisburyjournal.co.uk,3194.811453,37.01786635,374,3.712466065,0.6695308238,0.02936453494,2.069529784,0.3843426077,1,1,1,1,2,1,1,1,1,1,2,2,1,2,4,2,1,1,2,3,1,1,3,4,4
scotsman.com,74444.43341,179.1548693,1098,5.405661174,0.499933546,0.02012795857,1.145619866,0.1938685097,2,2,2,2,0,3,3,3,3,3,1,5,6,5,2,1,3,3,1,0,3,3,0,0,0
shetnews.co.uk,1188.846452,27.07101476,126,2.567213557,0.6790012034,0.05455322119,1.925140652,0.2328519856,1,1,1,1,2,1,1,1,1,1,3,1,1,2,4,2,1,1,2,0,1,1,0,0,0
shieldsgazette.com,2192.23486,41.38815729,351,3.892787387,0.5643538136,0.03536218977,1.862119941,0.5760063559,1,1,1,1,2,1,1,1,1,1,2,2,1,3,4,2,1,1,2,3,1,1,3,4,4
shropshirestar.com,6737.186247,49.29734036,820,4.756324183,0.4816427691,0.07529073904,1.439499588,0.1588439565,1,1,1,1,2,1,1,1,1,2,5,4,4,4,5,3,2,2,3,0,3,3,2,3,3
sidmouthherald.co.uk,3719.699533,44.02036996,176,3.816821971,0.4711779449,0.05213089486,1.906086199,0.3804824561,1,1,1,1,2,1,1,1,1,1,3,1,1,2,4,3,2,2,3,3,1,1,3,4,4
sloughobserver.co.uk,450.1786224,15.2170625,178,3.180952884,0.6357142857,0.009206399097,2.307105535,0.6816326531,1,1,1,1,2,1,1,1,1,1,2,2,2,3,1,2,1,1,2,3,2,2,3,4,4
solihullobserver.co.uk,1015.183054,21.80376778,341,4.122272546,0.4809234351,0.02396326483,1.941326902,0.4092084842,1,1,1,1,2,1,1,1,1,1,2,2,1,3,4,3,1,2,3,3,1,1,3,4,4
somersetcountygazette.co.uk,4002.798763,43.25311657,193,4.00518575,0.5481611208,0.05865611737,1.943049448,0.2399299475,1,1,1,1,2,1,1,1,1,1,3,1,1,2,3,3,2,2,3,3,1,1,3,4,4
somersetlive.co.uk,8385.874433,55.58293093,791,4.852049951,0.5187601702,0.06902152515,1.434129007,0.1475779196,1,1,1,1,2,1,1,1,1,2,5,4,4,4,5,3,2,2,3,0,3,3,2,3,3
southhams-today.co.uk,565.591138,27.34500878,21,2.73542738,0.2738095238,-0.02467718795,1.782580009,0.09523809524,1,1,1,1,2,1,1,1,1,1,6,3,3,1,6,2,1,1,2,0,1,1,0,0,0
southleedslife.com,31.51049048,4.938404531,118,2.604559797,0.6201923077,0.004312431589,2.740037729,0.86,1,1,1,1,2,1,1,1,1,1,2,2,2,3,1,2,1,1,2,3,2,2,3,4,4
southwalesargus.co.uk,1802.585289,26.37639284,559,4.03283805,0.4274322687,0.05470807165,1.887447788,0.3200900199,1,1,1,1,2,1,1,1,1,2,3,4,1,4,5,3,2,2,3,3,1,1,3,4,4
southwalesguardian.co.uk,4875.597229,52.5520963,144,3.764803769,0.5412283678,0.07606334271,1.727833204,0.2054631829,1,1,1,1,2,1,1,1,1,1,3,1,1,2,3,3,2,2,3,3,1,1,3,4,4
spaldingtoday.co.uk,541.030287,15.98448019,117,2.533435465,0.7253422526,0.02156326543,1.790179118,0.3827006845,1,1,1,1,2,1,1,1,1,1,2,2,1,2,4,2,1,1,2,0,1,1,0,0,0
staffordshire-live.co.uk,3562.699048,35.64700372,575,4.287077078,0.4076629123,0.03591105985,1.442011444,0.1792437651,1,1,1,1,2,1,1,1,1,2,5,4,4,4,5,3,2,2,3,0,1,1,0,0,0
stamfordmercury.co.uk,2057.12545,30.81285538,271,3.362571891,0.6484404184,0.03185711793,1.777912101,0.2775494957,1,1,1,1,2,1,1,1,1,1,2,2,1,2,4,2,1,1,2,3,1,1,3,4,4
sthelensstar.co.uk,1377.686677,24.73979564,717,4.139417625,0.5135627055,0.02666136064,1.964892357,0.6012212306,1,1,1,1,2,1,1,1,1,1,5,4,4,3,4,3,1,2,3,3,1,1,3,4,4
stokegiffordjournal.co.uk,9.057090222,2.787282112,41,1.75676677,0.6014794267,-0.0134275978,5.520455807,0.9579288026,1,1,1,1,0,2,2,2,2,1,4,6,2,6,1,2,1,1,2,0,2,2,0,0,0
stokesentinel.co.uk,1225.825555,22.04765579,967,3.837812634,0.5308090111,0.02261428103,2.020460475,0.5795976197,1,1,1,1,2,1,1,1,1,2,5,4,4,3,4,3,1,2,3,3,1,1,0,0,4
stornowaygazette.co.uk,21585.83439,151.1008462,78,3.416074598,0.5796645702,0.1713251308,1.164863942,0.2075471698,1,1,1,1,0,1,1,1,1,2,3,1,1,2,3,3,2,2,3,0,1,1,0,0,0
stourbridgenews.co.uk,220.1979303,11.16557053,138,3.223273902,0.4855313093,0.008279408005,3.006389732,0.7390891841,1,1,1,1,2,1,1,1,1,1,2,2,2,3,1,2,1,1,2,3,2,2,3,4,4
stowmarketmercury.co.uk,3475.569545,36.97839234,209,4.073424461,0.5001513317,0.04686922804,1.64069441,0.210653753,1,1,1,1,2,1,1,1,1,1,3,1,1,2,3,3,2,2,3,3,1,1,3,4,4
stratford-herald.com,2910.661418,34.78792195,144,3.739582249,0.5015873016,0.01778964374,1.782911897,0.301010101,1,1,1,1,2,1,1,1,1,1,2,2,1,2,4,3,2,2,3,3,1,1,3,4,4
stratfordobserver.co.uk,2081.059542,32.21479721,249,4.040372159,0.4964161599,0.04068918787,1.5743966,0.122502172,1,1,1,1,2,1,1,1,1,1,3,1,1,2,3,3,2,2,3,3,1,1,3,4,4
strathspey-herald.co.uk,10236.86375,68.22816197,202,3.731372243,0.5465985357,0.08832930261,1.425523016,0.1360585723,1,1,1,1,2,1,1,1,1,2,3,1,1,2,3,3,2,2,3,0,1,1,0,0,0
stroudnewsandjournal.co.uk,1467.245065,25.6479112,207,3.564593879,0.6706408346,0.03601942798,2.178212489,0.436661699,1,1,1,1,2,1,1,1,1,1,2,2,2,2,4,2,1,1,2,3,1,1,3,4,4
stroudtimes.com,832.4691157,22.56435071,179,3.212426603,0.714940324,0.01832614367,2.273555231,0.5439045183,1,1,1,1,2,1,1,1,1,1,2,2,2,3,4,2,1,1,2,0,1,2,3,4,4
suffolknews.co.uk,6180.5344,48.03987608,592,4.449748751,0.5031932353,0.04507413049,1.425832699,0.05123447981,1,1,1,1,2,1,1,1,1,2,5,4,4,4,3,3,2,2,3,0,1,3,0,0,0
sunderlandecho.com,457.267534,18.05609154,421,3.972191061,0.5179953917,0.04154299574,2.198089432,0.5743778802,1,1,1,1,2,1,1,1,1,1,2,2,1,3,4,2,1,1,2,3,1,1,3,4,4
surreycomet.co.uk,624.5291802,15.71560391,158,4.171950093,0.4987263464,0.01935008901,2.959071208,0.499272198,1,1,1,1,2,1,1,1,1,1,2,2,2,3,4,2,1,1,2,3,2,2,0,0,4
sussexexpress.co.uk,7177.844126,74.38405362,157,4.270235695,0.4239583333,0.08373925811,1.506358333,0.02083333333,1,1,1,1,2,1,1,1,1,2,3,1,1,2,3,3,2,2,3,0,1,1,0,0,0
swindonadvertiser.co.uk,629.4805866,18.92160987,267,3.341955182,0.5587545862,0.02188942756,2.224894834,0.7007745618,1,1,1,1,2,1,1,1,1,1,2,2,1,3,4,2,1,1,2,3,2,2,3,4,4
tavistock-today.co.uk,4569.386186,102.0711832,28,2.875441655,0.6580188679,0.06677528483,1.470948438,0.3962264151,1,1,1,1,2,1,1,1,1,1,3,1,1,2,3,3,2,2,3,0,1,1,0,0,0
tenby-today.co.uk,1026.822145,38.24509385,41,2.940041951,0.6455927052,0.1471409397,1.602352045,0.3404255319,1,1,1,1,0,1,1,1,1,2,3,1,1,2,3,3,2,2,3,0,1,1,0,0,0
the-gazette.co.uk,334.5965074,13.54296762,191,3.672311707,0.4626119755,0.04351867085,2.643379665,0.6310231023,1,1,1,1,2,1,1,1,1,1,2,2,2,3,4,2,1,1,2,3,1,1,3,4,4
theambler.co.uk,817.8660756,28.10314727,39,2.410484135,0.6364692218,-0.01693765952,1.456939372,0.0243902439,1,1,1,1,2,1,1,1,1,1,6,3,3,1,6,2,1,1,2,0,1,1,0,0,0
theargus.co.uk,2130.842114,36.86226326,781,4.161078065,0.513695696,0.03764944557,2.145536276,0.4454188086,1,1,1,1,2,1,1,1,1,2,5,4,4,3,5,3,1,2,3,0,1,1,3,4,4
theboltonnews.co.uk,576.3812328,15.58158087,677,3.944321624,0.5137770645,0.01880592661,2.276303467,0.6343161789,1,1,1,1,2,1,1,1,1,1,2,4,2,3,4,2,1,1,2,3,1,1,3,4,4
thebristolcable.org,44.15761578,5.27942319,86,2.934123448,0.6189285714,0.01587173217,3.348320471,0.8471428571,1,1,1,1,2,1,1,1,2,1,4,2,2,3,1,2,1,1,2,3,2,2,0,0,4
thecourier.co.uk,8090.398,58.35055015,836,4.388191725,0.5091757645,0.04576631442,1.667863872,0.1944628747,1,1,1,1,2,1,1,1,1,2,5,4,4,4,5,3,2,2,3,0,3,3,0,3,3
theedinburghreporter.co.uk,1694.487135,30.05677998,244,4.060475412,0.555789321,0.03243612529,2.430900636,0.5943122461,1,1,1,1,2,1,1,1,1,1,2,2,2,3,4,2,1,1,2,3,1,1,3,4,4
theforester.co.uk,750.9073819,27.59775865,22,2.520650418,0.5494505495,-0.02359195035,1.748611624,0.5,1,1,1,1,2,1,1,1,1,1,6,3,3,1,6,2,1,1,2,0,1,1,0,0,0
theisleofthanetnews.com,30.28178078,5.227698004,248,2.738947485,0.604867702,0.07320886022,2.686072,0.7989646247,1,1,1,1,2,1,1,1,1,1,2,1,2,3,1,2,1,1,2,0,2,2,0,0,0
thelincolnite.co.uk,6232.921461,48.48241664,404,4.214421153,0.4360088961,0.0682265576,1.148713685,0.2476748888,1,1,1,1,2,1,1,1,1,2,3,4,1,4,3,3,2,2,3,0,1,1,0,0,0
thelochsidepress.com,2387.588546,33.28275143,99,2.748297395,0.6777658432,0.007830268621,2.127739027,0.522556391,1,1,1,1,2,1,1,1,1,1,2,2,2,3,4,2,1,1,2,0,1,2,3,4,4
themeteor.org,84.82380465,7.041409644,106,3.463031236,0.6473067916,0.02089400385,2.356158014,0.7344262295,1,1,1,1,2,1,1,1,1,1,2,2,2,3,1,2,1,1,2,3,2,2,3,4,4
thenen.co.uk,19.27522196,4.694253492,47,2.73994929,0.5950413223,0.01599928747,4.316789424,0.8636363636,1,1,1,1,1,2,2,2,2,1,4,6,2,6,1,2,1,1,2,1,2,2,0,0,0
thenorthernecho.co.uk,7374.472258,53.78562064,920,4.95980965,0.443419285,0.08112368408,1.436658965,0.1026942309,1,1,1,1,2,1,1,1,1,2,5,4,4,4,5,3,2,2,3,0,3,3,2,3,3
thepost.uk.com,2502.882869,46.30137654,28,3.148599877,0.5424242424,-0.07891892277,1.015738339,0.01818181818,1,1,1,1,0,1,1,1,1,1,6,3,3,1,6,2,1,1,2,0,1,1,0,0,0
thescarboroughnews.co.uk,4272.281495,55.40843487,266,3.782595076,0.566507799,0.09442579532,1.497234422,0.1871750433,1,1,1,1,2,1,1,1,1,2,3,1,1,2,3,3,2,2,3,3,1,1,3,4,4
thesouthernreporter.co.uk,2062.731102,36.2956711,32,2.880377622,0.5732600733,0.0357774292,1.524224984,0.3846153846,1,1,1,1,2,1,1,1,1,1,3,1,1,2,4,2,1,1,2,3,1,1,0,0,0
thestar.co.uk,603.4072261,16.83011164,553,3.991744132,0.381727629,0.02588594337,2.312979275,0.6633572828,1,1,1,1,2,1,1,1,1,1,2,4,2,3,4,2,1,1,2,0,1,1,3,4,4
thetelegraphandargus.co.uk,1036.30638,20.85751607,1068,4.668684645,0.3626296184,0.04376170687,2.037994583,0.4969294272,1,1,1,1,2,1,1,1,1,2,5,4,4,4,5,3,2,2,3,0,3,3,0,0,0
thetfordandbrandontimes.co.uk,8361.858905,55.23329306,255,4.490098912,0.5583063599,0.04044377757,1.255184879,0.1420698102,1,1,1,1,2,1,1,1,1,1,3,1,1,2,3,3,2,2,3,0,1,1,3,4,4
thewestmorlandgazette.co.uk,3866.092287,38.82120092,449,4.109818471,0.6884028234,0.05319317873,1.515841107,0.1728496389,1,1,1,1,2,1,1,1,1,2,3,1,1,2,3,3,2,2,3,3,1,1,3,4,4
thewestonmercury.co.uk,3047.853644,36.59855468,207,3.997996528,0.5508349705,0.05403621684,1.739135595,0.347740668,1,1,1,1,2,1,1,1,1,1,3,1,1,2,3,3,2,2,3,3,1,1,3,4,4
thornetimes.co.uk,165.2423767,14.88679265,24,2.06129425,0.6424945613,-0.03271106139,2.428348641,0.6700507614,1,1,1,1,0,1,1,1,1,1,6,3,3,3,1,2,1,1,2,0,1,1,0,0,0
thurrockgazette.co.uk,1237.537207,28.46210167,82,3.717857466,0.4217032967,0.01816561686,1.930214256,0.5144230769,1,1,1,1,2,1,1,1,1,1,2,2,1,3,4,2,1,1,2,3,1,1,3,4,4
timesandstar.co.uk,3765.179776,52.28706167,227,3.972931115,0.5970804084,0.1147968243,1.515493532,0.1729419272,1,1,1,1,2,1,1,1,1,2,3,1,1,2,3,3,2,2,3,3,1,1,3,4,4
tivysideadvertiser.co.uk,10733.95288,90.41306181,299,4.380901683,0.6259328358,0.08667550654,1.223672942,0.1243781095,1,1,1,1,2,1,1,1,1,2,3,1,1,2,3,3,2,2,3,0,1,1,0,0,0
torbayweekly.co.uk,758.0298708,28.46567382,96,3.280146442,0.5970194647,0.05700061656,2.225487306,0.6082725061,1,1,1,1,2,1,1,1,1,1,2,1,1,2,4,2,1,1,2,3,1,2,0,0,0
totnes-today.co.uk,2597.242403,74.58757867,29,3.150268042,0.4637681159,0.1400508135,1.436020466,0.152173913,1,1,1,1,0,1,1,1,1,2,3,1,1,2,3,3,2,2,3,0,1,1,0,0,0
tyronecon.co.uk,2404.787023,40.15093242,41,3.131270044,0.4347079038,0.006142497045,1.199333656,0.2989690722,1,1,1,1,2,1,1,1,1,1,6,1,1,1,6,3,1,2,3,0,1,1,1,1,1
tyronecourier.co.uk,4562.135977,44.95850263,165,4.268333109,0.4811977716,0.002979420605,1.896917939,0.2409470752,1,1,1,1,2,1,1,1,1,1,6,2,1,2,4,3,2,2,3,3,1,1,0,0,4
ulstergazette.co.uk,4139.605281,49.63849316,114,3.680267033,0.5336021505,-0.001502159204,1.940982539,0.3010752688,1,1,1,1,2,1,1,1,1,1,6,2,1,3,4,2,1,1,2,3,1,1,3,4,4
viewdigital.org,64.36026646,12.11323422,40,2.635121911,0.6310559006,-0.0002758443583,2.515302228,0.7391304348,1,1,1,1,2,1,1,1,1,1,2,2,2,3,1,2,1,1,2,3,2,2,3,4,4
wakefieldexpress.co.uk,646.573997,15.88754609,261,3.805277121,0.4816123622,0.03318289526,2.295018238,0.4475323431,1,1,1,1,2,1,1,1,1,1,2,2,2,3,4,2,1,1,2,3,1,1,3,4,4
walesonline.co.uk,34030.18929,112.4354843,1325,5.185282664,0.4263499418,0.05241415703,0.6211303773,0.00008023428411,2,2,2,2,0,1,1,1,1,3,5,5,5,5,2,1,2,3,1,0,3,3,0,0,0
walthamforestecho.co.uk,14.57599971,3.922944764,87,2.675742367,0.6843251089,-0.006527672613,4.068499121,0.8940493469,1,1,1,1,1,2,2,2,2,1,4,6,2,6,1,2,1,1,2,1,2,2,0,2,0
wandsworthguardian.co.uk,149.817386,8.743567565,97,3.786461657,0.6772805508,0.02577679738,3.124923469,0.7740963855,1,1,1,1,2,1,1,1,1,1,2,2,2,3,1,2,1,1,2,3,2,2,0,0,4
warringtonguardian.co.uk,1026.068382,20.69901494,601,3.727684243,0.4689069767,0.01840452383,2.235117998,0.6584186047,1,1,1,1,2,1,1,1,1,1,2,4,2,3,4,2,1,1,2,3,1,1,3,4,4
warwickshireworld.com,112.7297688,13.19418545,54,2.800889396,0.5437788018,0.01695346145,2.783858997,0.7240143369,1,1,1,1,2,1,1,1,1,1,2,2,2,3,1,2,1,1,2,3,2,2,3,4,4
watfordobserver.co.uk,392.2652877,13.29920094,251,3.627438575,0.539665725,0.006582160791,2.661563138,0.6854990584,1,1,1,1,2,1,1,1,1,1,2,2,2,3,4,2,1,1,2,3,2,2,3,4,4
wattonandswaffhamtimes.co.uk,4090.569057,46.51316507,166,4.216649057,0.6059951391,0.06255782686,1.178436469,0.09640831758,1,1,1,1,2,1,1,1,1,1,3,1,1,2,3,3,2,2,3,3,1,1,3,4,4
wellington-today.co.uk,726.972413,24.03317198,22,2.630930696,0.4340425532,-0.03676842953,1.50397664,0.4468085106,1,1,1,1,2,1,1,1,1,1,6,3,3,1,6,2,1,1,2,0,1,1,0,1,0
westbridgfordwire.com,1107.815317,22.40337135,244,3.99438193,0.2892720307,0.05565901563,1.898190198,0.4712643678,1,1,1,1,2,1,1,1,1,1,3,1,1,4,4,3,2,2,3,3,1,1,0,0,0
westerntelegraph.co.uk,4362.167113,57.07070647,305,4.00795191,0.579718417,0.1217960408,1.572580893,0.2035768645,1,1,1,1,2,1,1,1,1,2,3,1,1,2,3,3,2,2,3,3,1,1,3,4,4
westleedsdispatch.com,87.78322148,6.824467334,164,3.010549849,0.5690711462,0.01546456587,2.520670325,0.8818181818,1,1,1,1,2,1,1,1,1,1,2,2,2,3,1,2,1,1,2,3,2,2,3,4,4
wharfedaleobserver.co.uk,5001.669819,45.95800968,326,4.356732347,0.4857794944,0.04066898451,1.596177862,0.3321629213,1,1,1,1,2,1,1,1,1,1,3,1,1,2,3,3,2,2,3,3,1,1,3,4,4
whfp.com,25479.34359,124.3450059,78,3.568607529,0.6088183422,0.03662397596,1.121562515,0.03209876543,1,1,1,1,0,1,1,1,1,1,3,1,1,2,3,3,2,2,3,0,1,1,0,0,0
whitchurchherald.co.uk,4967.925314,45.25338569,269,4.126421024,0.5891410049,0.03562402695,1.438630967,0.2212317666,1,1,1,1,2,1,1,1,1,1,3,1,1,2,3,3,2,2,3,3,1,1,3,4,4
whitehavennews.co.uk,3422.3739,56.91305835,192,3.899934012,0.5883058985,0.1047354905,1.410549005,0.2229080933,1,1,1,1,2,1,1,1,1,2,3,1,1,2,3,3,2,2,3,3,1,1,3,4,4
whtimes.co.uk,1097.773546,21.11764745,340,4.231797502,0.4223868955,0.03062897515,2.2937177,0.47074883,1,1,1,1,2,1,1,1,1,1,2,2,2,3,4,3,1,2,3,3,1,1,3,4,4
wigantoday.net,1671.553839,25.28736748,408,3.895360243,0.4043364079,0.02237237183,2.200745257,0.6133743274,1,1,1,1,2,1,1,1,1,1,2,2,1,3,4,2,1,1,2,3,1,1,3,4,4
wiltsglosstandard.co.uk,5344.225434,50.28255657,182,4.219280208,0.6159733124,0.05589671306,1.523212716,0.1868131868,1,1,1,1,2,1,1,1,1,1,3,1,1,2,3,3,2,2,3,3,1,1,3,4,4
wimbledonguardian.co.uk,258.4146141,10.9637156,128,3.496401285,0.5573109244,0.008059506007,2.903570794,0.7152941176,1,1,1,1,2,1,1,1,1,1,2,2,2,3,1,2,1,1,2,3,2,2,3,4,4
windsorobserver.co.uk,338.6017525,12.61456539,140,2.946969779,0.6104687306,0.003596097004,2.311426141,0.7441253264,1,1,1,1,2,1,1,1,1,1,2,2,2,3,1,2,1,1,2,3,2,2,3,4,4
wirralglobe.co.uk,3161.19541,41.46822627,537,4.516809549,0.3512784658,0.06687652508,1.803285247,0.61805833,1,1,1,1,2,1,1,1,1,2,3,4,1,4,5,3,2,2,3,2,1,1,0,0,0
wokingham.today,184.5544082,10.23815687,191,3.159334147,0.5666988417,0.02852495164,2.265319473,0.3756756757,1,1,1,1,2,1,1,1,1,1,2,2,2,3,4,2,1,1,2,3,2,2,3,4,4
wokingnewsandmail.co.uk,254.4637567,30.91233415,6,0.9613220116,0.6181818182,-0.2,0.9004044087,0.5409090909,3,3,3,3,0,2,2,2,2,1,6,3,3,1,6,2,1,1,2,0,1,1,0,0,0
worcesternews.co.uk,1076.268528,22.70301129,344,3.817088728,0.5085695136,0.03991384304,2.316562916,0.5342780544,1,1,1,1,2,1,1,1,1,1,2,2,1,3,4,2,1,1,2,3,1,1,3,4,4
worcesterobserver.co.uk,3556.372335,38.62989258,218,3.722444321,0.5028801843,0.02888390566,1.990682196,0.5456221198,1,1,1,1,2,1,1,1,1,1,2,2,1,3,4,2,1,1,2,3,1,1,3,4,4
worksopguardian.co.uk,1702.405798,27.39829132,218,3.806494246,0.5184195726,0.03506626553,1.707826087,0.2964004499,1,1,1,1,2,1,1,1,1,1,2,2,1,2,4,3,2,2,3,3,1,1,3,4,4
wrexham.com,3595.240875,40.77039067,202,3.495390985,0.6089684015,0.05406824379,1.910285428,0.6449814126,1,1,1,1,2,1,1,1,1,1,3,1,1,2,4,2,1,1,2,3,1,2,0,0,0
wsfp.co.uk,1542.274517,37.58089945,11,1.973436528,0.0625,-0.09217514955,0.7290891624,0.21875,3,3,3,3,0,2,2,2,2,1,6,3,3,1,6,2,1,1,2,0,1,1,0,0,0
yellowad.co.uk,3523.321712,45.58148511,288,4.285487234,0.4978863547,0.03663418211,1.761252177,0.164372788,1,1,1,1,2,1,1,1,1,1,2,2,1,2,3,3,2,2,3,3,1,1,3,4,4
yorkmix.com,2910.788855,33.21294972,248,3.740185371,0.4501370802,0.02392034168,1.839434124,0.5527758739,1,1,1,1,2,1,1,1,1,1,2,2,1,3,4,2,1,1,2,3,1,1,3,4,4
yorkshireeveningpost.co.uk,824.7720864,18.20535665,536,4.29674108,0.3550908008,0.04812728736,2.171266623,0.6122357845,1,1,1,1,2,1,1,1,1,1,2,4,1,4,5,3,2,2,3,0,1,1,0,0,0
yorkshirepost.co.uk,14219.1343,70.32111338,1045,5.468440023,0.3772445207,0.05387547943,1.117793219,0.0908370742,1,1,1,1,0,1,1,1,1,2,5,4,4,4,5,3,2,2,3,0,3,3,0,0,0
yourharlow.com,446.4503437,14.36899826,181,3.149503512,0.6672557841,0.0009485898095,3.0961452,0.6812339332,1,1,1,1,2,1,1,1,1,1,2,2,2,3,1,2,1,1,2,3,2,2,3,4,4
yourlocalpaper.co.uk,797.051514,20.14060436,135,2.959467835,0.6153746098,0.01703003475,2.152934681,0.4006243496,1,1,1,1,2,1,1,1,1,1,2,2,2,3,4,2,1,1,2,3,2,2,3,4,4
yourthurrock.com,56.52013318,8.770751998,27,2.556948188,0.537037037,-0.02880956731,2.084791666,0.8148148148,1,1,1,1,2,1,1,1,1,1,6,3,3,3,1,2,1,1,2,0,1,1,0,0,0